Data;Hora;Categoria;Programas;Bonus_Identificado;Titulo;Link
30/08/2026;17:43:39;✈️ ALERTA DE PASSAGENS / VOOS;🌐 GERAL / COMPANHIAS;-;Jericoacoara no precinho! Voos diretos a partir de R$ 341 ou 13 mil milhas o trecho mais taxas;https://www.melhoresdestinos.com.br/milhas/voos-sao-jjd-latam-ago26
30/08/2026;17:43:39;✈️ ALERTA DE PASSAGENS / VOOS;🌐 GERAL / COMPANHIAS;-;Preço bom para Miami! Voos a partir de R$ 938 ou 38 mil milhas o trecho mais taxas;https://www.melhoresdestinos.com.br/milhas/voos-sao-mia-latam-ago26
30/08/2026;17:43:39;✈️ ALERTA DE PASSAGENS / VOOS;🌐 GERAL / COMPANHIAS;-;Lençóis Maranhenses! Voos para São Luís a partir de R$ 259 ou 10 mil milhas o trecho mais taxas;https://www.melhoresdestinos.com.br/milhas/voos-sao-slz-latam-ago26
30/08/2026;17:43:39;✈️ ALERTA DE PASSAGENS / VOOS;🔴 LATAM PASS;-;Mega Promo Latam tem voos diretos SP-Salvador a partir de R$ 250 ou 10 mil milhas o trecho mais taxas;https://www.melhoresdestinos.com.br/milhas/mega-promo-sao-ssa-ago26
30/08/2026;17:43:39;✈️ ALERTA DE PASSAGENS / VOOS;🔴 LATAM PASS;-;Mega Promo Latam Pass tem voos promocionais a partir de R$ 90 ou 3 mil milhas o trecho mais taxas;https://www.melhoresdestinos.com.br/milhas/mega-promo-latam-pass-ago26
30/08/2026;17:43:39;✈️ ALERTA DE PASSAGENS / VOOS;🔵 AZUL FIDELIDADE;-;5 sugestões de trechos com a Azul a partir de 2.600 pontos + taxas;https://passageirodeprimeira.com/5-sugestoes-de-trechos-com-a-azul-a-partir-de-2-600-pontos-taxas-4/
30/08/2026;17:43:39;🔄 TRANSFERÊNCIA BONIFICADA;🔴 LATAM PASS;-;Último dia! Ganhe até 32.000 milhas bônus ao pedir o cartão LATAM Pass Itaú Mastercard Platinum;https://passageirodeprimeira.com/ultimo-dia-ganhe-ate-32-000-milhas-bonus-ao-pedir-o-cartao-latam-pass-itau-mastercard-platinum/
30/08/2026;17:43:39;✈️ ALERTA DE PASSAGENS / VOOS;🔴 LATAM PASS;-;Saiba como funciona o upgrade de cabine por trechos cortesia da LATAM;https://passageirodeprimeira.com/latam-upgrade-cabine-como-funciona/
30/08/2026;17:43:39;✈️ ALERTA DE PASSAGENS / VOOS;🌐 GERAL / COMPANHIAS;-;Qantas oferece pontos ou Status Credits em dobro para novas reservas de voos;https://passageirodeprimeira.com/qantas-oferece-pontos-creditos-status-dobro/
30/08/2026;17:43:39;✈️ ALERTA DE PASSAGENS / VOOS;🌐 GERAL / COMPANHIAS;-;Descontos para advogados: veja os benefícios em passagens e aluguel de carros;https://passageirodeprimeira.com/descontos-para-advogados-veja-os-beneficios-em-passagens-e-aluguel-de-carros/
30/08/2026;17:43:39;✈️ ALERTA DE PASSAGENS / VOOS;🟠 SMILES;-;5 sugestões de voos partir de 11.200 milhas Smiles;https://passageirodeprimeira.com/5-sugestoes-de-voos-partir-de-11-200-milhas-smiles/
30/08/2026;17:43:39;🔄 TRANSFERÊNCIA BONIFICADA;🔵 AZUL FIDELIDADE;-;Peça seu cartão Azul Itaú com até 80.000 pontos bônus e anuidade grátis na meta de gastos;https://passageirodeprimeira.com/peca-seu-cartao-azul-itau-com-ate-80-000-pontos-bonus-e-anuidade-gratis-na-meta-de-gastos/
30/08/2026;17:43:39;✈️ ALERTA DE PASSAGENS / VOOS;🔴 LATAM PASS;-;Mega Promo LATAM Pass: passagens nacionais a partir de R$ 150;https://pontospravoar.com/mega-promo-latam-pass-passagens-nacionais-partir-150-reais/
30/08/2026;17:43:39;✈️ ALERTA DE PASSAGENS / VOOS;🔴 LATAM PASS;-;Mega Promo LATAM Pass: passagens para Europa a partir de 40.888 milhas + taxas;https://pontospravoar.com/mega-promo-latam-pass-passagens-europa-partir-40888-milhas-taxas/
30/08/2026;17:43:39;🔄 TRANSFERÊNCIA BONIFICADA;🟠 SMILES;-;Clube Smiles: receba até 30 mil milhas bônus em novas assinaturas;https://pontospravoar.com/clube-smiles-receba-ate-30-mil-milhas-bonus-novas-assinaturas/
30/08/2026;17:43:39;✈️ ALERTA DE PASSAGENS / VOOS;🔴 LATAM PASS;-;Mega Promo LATAM Pass: passagens nacionais a partir de 3.328 milhas;https://pontospravoar.com/mega-promo-latam-pass-passagens-nacionais-partir-3328-milhas/
30/08/2026;17:43:39;✈️ ALERTA DE PASSAGENS / VOOS;🔵 AZUL FIDELIDADE;53%;Como usei o Azul Fidelidade para planejar uma viagem completa a Orlando com 53% de economia;https://pontospravoar.com/como-usei-azul-fidelidade-planejar-viagem-completa-orlando-53-porcento-economia/
30/08/2026;17:43:39;✈️ ALERTA DE PASSAGENS / VOOS;🔴 LATAM PASS;-;Argentina na Mega Promo Latam! Voos para Buenos Aires ou Mendoza a partir de R$ 1.186 ida e volta;https://www.melhoresdestinos.com.br/promocao/argentina-na-mega-latam-1186
30/08/2026;17:43:39;✈️ ALERTA DE PASSAGENS / VOOS;⚪ TAP MILES&GO;-;TAP estreia novidades em voos do Brasil, incluindo opção de não ser acordado para comer;https://www.melhoresdestinos.com.br/tap-novidades-experiencia-passageiros.html
30/08/2026;17:43:39;✈️ ALERTA DE PASSAGENS / VOOS;🔴 LATAM PASS;-;Caribe colombiano! Mega Promo Latam tem voos para Cartagena e San Andrés desde R$ 1.816 ida e volta;https://www.melhoresdestinos.com.br/promocao/mega-promo-caribe-colombia-1916
30/08/2026;17:43:39;✈️ ALERTA DE PASSAGENS / VOOS;🌐 GERAL / COMPANHIAS;-;"Novo resort da Disney será inaugurado em julho de 2027 em Orlando; veja as fotos dos quartos!";https://www.melhoresdestinos.com.br/novo-resort-disney-quartos.html
30/08/2026;17:43:39;✈️ ALERTA DE PASSAGENS / VOOS;🔴 LATAM PASS;-;Muito bom: Mega Promo Latam tem voos para África do Sul a partir de R$ 2.838 ida e volta, em 10x sem juros;https://www.melhoresdestinos.com.br/promocao/africa-do-sul-mega-promo-2838
30/08/2026;17:43:39;✈️ ALERTA DE PASSAGENS / VOOS;🔴 LATAM PASS;-;Muito bom! Mega Promo Latam tem voos para a Nova Zelândia ou Austrália a partir de R$ 5.605 ida e volta;https://www.melhoresdestinos.com.br/promocao/mega-promo-latam-passagens-nova-zelandia-australia-28ago26
30/08/2026;17:43:39;✈️ ALERTA DE PASSAGENS / VOOS;🔴 LATAM PASS;-;🚨 Mega Promo Latam no ar! Passagens aéreas nacionais a partir de R$ 149 o trecho e opções para 67 destinos;https://www.melhoresdestinos.com.br/promocao/mega-promo-latam-ago-26
30/08/2026;17:43:39;✈️ ALERTA DE PASSAGENS / VOOS;🌐 GERAL / COMPANHIAS;-;Mega Promo Europa: voos para Itália, Portugal, Espanha e mais a partir de R$ 3.545 ida e volta, em 10x sem juros;https://www.melhoresdestinos.com.br/promocao/mega-promo-latam-europa-ago-26
30/08/2026;21:12:00;✈️ ALERTA DE PASSAGENS / VOOS;🌐 GERAL / COMPANHIAS;-;Alemanha! Voos diretos para Frankfurt por R$ 1.427 ou 58 mil milhas o trecho mais taxas;https://www.melhoresdestinos.com.br/milhas/voos-sao-fra-latam-ago26
30/08/2026;21:12:00;✈️ ALERTA DE PASSAGENS / VOOS;🔴 LATAM PASS;-;Joanesburgo! Voos diretos da Latam a partir de R$ 1.098 ou 44 mil milhas o trecho mais taxas;https://www.melhoresdestinos.com.br/milhas/voos-sao-jnb-latam-ago26
31/08/2026;09:24:52;✈️ ALERTA DE PASSAGENS / VOOS;🔴 LATAM PASS;-;Último dia da Mega Promo LATAM! Trechos para diversos destinos a partir de R$ 150 ou 3.391 milhas + taxas;https://passageirodeprimeira.com/ultimo-dia-da-mega-promo-latam-trechos-para-diversos-destinos-a-partir-de-r-150-ou-3-391-milhas-taxas/
31/08/2026;16:10:56;🔄 TRANSFERÊNCIA BONIFICADA;🔴 LATAM PASS;25%;LATAM Pass oferece 25% de bônus nas transferências de pontos do Nubank;https://passageirodeprimeira.com/latam-pass-oferece-25-de-bonus-nas-transferencias-de-pontos-do-nubank/
31/08/2026;16:10:56;✈️ ALERTA DE PASSAGENS / VOOS;🟠 SMILES;-;Trecho para Miami a partir de 62 mil milhas Smiles + taxas;https://passageirodeprimeira.com/voe-para-miami-a-partir-de-62-mil-milhas-smiles-taxas/
31/08/2026;16:10:56;✈️ ALERTA DE PASSAGENS / VOOS;🔴 LATAM PASS;-;Mega Promo LATAM Pass: passagens para o Caribe a partir de 36.115 milhas;https://pontospravoar.com/mega-promo-latam-pass-passagens-para-o-caribe-a-partir-de-36115-milhas/
31/08/2026;16:10:56;🔄 TRANSFERÊNCIA BONIFICADA;🔴 LATAM PASS;25%;Nubank Ultravioleta oferece 25% de milhas bônus com o Modo LATAM Pass;https://pontospravoar.com/nubank-ultravioleta-oferece-25-de-milhas-bonus-com-o-modo-latam-pass/
31/08/2026;16:10:56;✈️ ALERTA DE PASSAGENS / VOOS;🔵 AZUL FIDELIDADE;-;Azul terá 740 voos extras para Maceió durante o verão;https://pontospravoar.com/azul-tera-740-voos-extras-para-maceio-durante-o-verao/
31/08/2026;16:10:56;✈️ ALERTA DE PASSAGENS / VOOS;🔴 LATAM PASS;-;Mega Promo LATAM Pass: passagens pela América do Norte a partir de 36.566 milhas;https://pontospravoar.com/mega-promo-latam-pass-passagens-pela-america-do-norte-a-partir-de-36566-milhas/
31/08/2026;16:10:56;✈️ ALERTA DE PASSAGENS / VOOS;🔵 AZUL FIDELIDADE;-;Azul terá voo sazonal entre Fortaleza e Goiânia durante o verão;https://pontospravoar.com/azul-tera-voo-sazonal-entre-fortaleza-e-goiania-durante-o-verao/
31/08/2026;16:10:56;🔄 TRANSFERÊNCIA BONIFICADA;🔵 AZUL FIDELIDADE;250%;Oferta relâmpago! Assine o Clube Azul e ganhe até 300.000 pontos na hora ou até 250% de bônus;https://pontospravoar.com/oferta-relampago-assine-o-clube-azul-e-ganhe-ate-300-000-pontos-na-hora-ou-ate-250-de-bonus/
31/08/2026;16:10:56;✈️ ALERTA DE PASSAGENS / VOOS;🔴 LATAM PASS;-;LATAM terá voo direto entre Salvador e Santiago;https://pontospravoar.com/latam-tera-voo-direto-entre-salvador-e-santiago/
31/08/2026;20:15:52;✈️ ALERTA DE PASSAGENS / VOOS;🟠 SMILES;-;5 sugestões de voos internacionais a partir de 33 mil milhas Smiles + taxas;https://passageirodeprimeira.com/5-sugestoes-de-voos-internacionais-a-partir-de-33-mil-milhas-smiles-taxas/
31/08/2026;20:15:52;🛍️ COMPRA BONIFICADA (VAREJO);🩷 LIVELO;-;Livelo oferece até 10 pontos por real gasto na Porto Serviço;https://passageirodeprimeira.com/livelo-oferece-ate-10-pontos-por-real-gasto-na-porto-servico/
31/08/2026;20:15:52;🔄 TRANSFERÊNCIA BONIFICADA;🌐 GERAL / COMPANHIAS;-;Radar PPV! Resumo das promoções de acúmulo e transferência de pontos do dia 31 de agosto de 2026;https://pontospravoar.com/radar-ppv-resumo-promocoes-acumulo-transferencia-pontos-dia-31-agosto-2026/
31/08/2026;20:15:52;✈️ ALERTA DE PASSAGENS / VOOS;🌐 GERAL / COMPANHIAS;-;Delta retoma voos diários entre Nova York e Tel Aviv;https://pontospravoar.com/delta-retoma-voos-diarios-entre-nova-york-e-tel-aviv/
31/08/2026;20:15:52;🔄 TRANSFERÊNCIA BONIFICADA;🟠 SMILES;-;Segue valendo! Assine o Clube Smiles e ganhe até 30 mil milhas bônus em novas assinaturas;https://pontospravoar.com/segue-valendo-assine-o-clube-smiles-e-ganhe-ate-30-mil-milhas-bonus-em-novas-assinaturas/
31/08/2026;20:15:52;✈️ ALERTA DE PASSAGENS / VOOS;🔴 LATAM PASS;-;LATAM cria novas rotas para o Nordeste;https://pontospravoar.com/latam-cria-novas-rotas-para-o-nordeste/
01/09/2026;09:39:20;✈️ ALERTA DE PASSAGENS / VOOS;🔴 LATAM PASS;-;Últimas horas! Mega Promo Latam Pass tem voos nacionais a partir de 3.885 milhas o trecho;https://www.melhoresdestinos.com.br/milhas/mega-promo-latam-pass-31ago26
01/09/2026;09:39:20;✈️ ALERTA DE PASSAGENS / VOOS;🔵 AZUL FIDELIDADE;-;Peru! Passagens para Lima a partir de 34 mil pontos Azul o trecho;https://www.melhoresdestinos.com.br/milhas/passagens-lima-peru-azul-ago26
01/09/2026;09:39:20;✈️ ALERTA DE PASSAGENS / VOOS;🔴 LATAM PASS;-;Bahia na Mega Promo! Voos da Latam para Porto Seguro, Salvador ou Ilhéus a partir de 6 mil milhas o trecho;https://www.melhoresdestinos.com.br/milhas/bahia-mega-promo-latam-ago26
01/09/2026;09:39:20;✈️ ALERTA DE PASSAGENS / VOOS;🌐 GERAL / COMPANHIAS;-;Voos diretos de São Paulo para Fernando de Noronha a partir de 20 mil milhas o trecho;https://www.melhoresdestinos.com.br/milhas/voos-sao-fen-latam-ago26
01/09/2026;09:39:20;✈️ ALERTA DE PASSAGENS / VOOS;🔵 AZUL FIDELIDADE;-;Azul oferece voos para diferentes destinos a partir de 5.200 pontos + taxas;https://passageirodeprimeira.com/azul-oferece-voos-para-diferentes-destinos-a-partir-de-5-200-pontos-taxas/
01/09/2026;09:39:20;✈️ ALERTA DE PASSAGENS / VOOS;🌐 GERAL / COMPANHIAS;-;United lança recurso no aplicativo que permite antecipar voos após atrasos e cancelamentos;https://pontospravoar.com/united-lanca-recurso-no-aplicativo-para-tentar-antecipar-voos-apos-atrasos-e-cancelamentos/
01/09/2026;09:39:20;🔄 TRANSFERÊNCIA BONIFICADA;🔵 AZUL FIDELIDADE;110%;Azul Fidelidade oferece até 110% de bônus na transferência de pontos BRB;https://pontospravoar.com/azul-fidelidade-oferece-ate-110-porcento-bonus-transferencia-pontos-brb/
01/09/2026;09:39:20;✈️ ALERTA DE PASSAGENS / VOOS;🔵 AZUL FIDELIDADE;-;Alerta PPV! Passagens para Recife a partir de 5.200 pontos no Azul Fidelidade;https://pontospravoar.com/alerta-ppv-passagens-recife-partir-5200-pontos-nom-azul-fidelidade/
01/09/2026;14:06:05;🔄 TRANSFERÊNCIA BONIFICADA;🟢 ESFERA;-;Voltou! Ganhe até 60.000 pontos bônus em 12 meses na adesão ou upgrade do Clube Esfera – Milheiro a partir de R$ 28,79;https://passageirodeprimeira.com/ganhe-ate-60-000-pontos-bonus-em-12-meses-na-adesao-ou-upgrade-do-clube-esfera/
01/09/2026;14:06:05;🔄 TRANSFERÊNCIA BONIFICADA;🔵 AZUL FIDELIDADE;260%;Assine o Clube Azul e receba até 260% de bônus em três meses – CPM a partir de R$ 10,23;https://passageirodeprimeira.com/assine-clube-azul-receba-ate-260-bonus-tres-meses/
01/09/2026;14:06:05;🔄 TRANSFERÊNCIA BONIFICADA;🔴 LATAM PASS;25%;Receba 25% de bônus nas transferências de pontos do Itaú e Credicard para o LATAM Pass;https://passageirodeprimeira.com/receba-25-de-bonus-nas-transferencias-de-pontos-do-itau-e-credicard-para-o-latam-pass/
01/09/2026;14:06:05;🛍️ COMPRA BONIFICADA (VAREJO);🟢 ESFERA;-;Esfera oferece até 7 pontos por real gasto no Magalu;https://passageirodeprimeira.com/esfera-oferece-ate-7-pontos-por-real-gasto-no-magalu/
01/09/2026;14:06:05;✈️ ALERTA DE PASSAGENS / VOOS;🟠 SMILES;-;Alerta PPV! Passagens nacionais a partir de 9.300 milhas na Smiles;https://pontospravoar.com/alerta-ppv-passagens-nacionais-partir-9300-milhas-smiles/
01/09/2026;14:06:05;🔄 TRANSFERÊNCIA BONIFICADA;🔵 AZUL FIDELIDADE;110%;Azul Fidelidade oferece até 110% de bônus na transferência do Inter Loop;https://pontospravoar.com/azul-fidelidade-oferece-ate-110-porcento-bonus-transferencia-inter-loop/
01/09/2026;14:06:05;🔄 TRANSFERÊNCIA BONIFICADA;🔴 LATAM PASS;25%;LATAM Pass oferece 25% de bônus nas transferências do Itaú e Credicard;https://pontospravoar.com/latam-pass-oferece-25-de-bonus-nas-transferencias-do-itau-e-credicard/
01/09/2026;14:06:05;🛍️ COMPRA BONIFICADA (VAREJO);🟢 ESFERA;-;Só hoje! Esfera oferece até 7 pontos por real gasto em compras no Magalu;https://pontospravoar.com/so-hoje-esfera-oferece-ate-7-pontos-real-gasto-compras-magalu/
01/09/2026;17:00:32;🔄 TRANSFERÊNCIA BONIFICADA;🩷 LIVELO;-;Assine o Clube Livelo e ganhe até 25 mil pontos ou desconto – clientes Elo recebem bônus extra;https://passageirodeprimeira.com/assine-o-clube-livelo-e-ganhe-ate-25-mil-pontos-ou-desconto-clientes-elo-recebem-bonus-extra/
01/09/2026;17:00:32;✈️ ALERTA DE PASSAGENS / VOOS;🟠 SMILES;-;Voe para Paris a partir de 83 mil milhas Smiles + taxas;https://passageirodeprimeira.com/voe-para-paris-a-partir-de-83-mil-milhas-smiles-taxas/
01/09/2026;17:00:32;✈️ ALERTA DE PASSAGENS / VOOS;🔴 LATAM PASS;-;Alerta PPV! LATAM Pass tem passagens para a Europa a partir de 58 mil milhas;https://pontospravoar.com/alerta-ppv-latam-pass-passagens-europa-partir-58-mil-milhas/
01/09/2026;19:42:22;🔄 TRANSFERÊNCIA BONIFICADA;🔵 AZUL FIDELIDADE;110%;Azul Fidelidade oferece até 110% de bônus nas transferências de pontos do Inter Loop e BRB;https://passageirodeprimeira.com/azul-fidelidade-oferece-ate-110-de-bonus-nas-transferencias-de-pontos-do-inter-loop-e-brb/
01/09/2026;19:42:22;✈️ ALERTA DE PASSAGENS / VOOS;🟠 SMILES;-;GOL terá voos diretos entre Florianópolis e Assunção durante o verão;https://pontospravoar.com/gol-tera-voos-diretos-entre-florianopolis-e-assuncao-durante-o-verao/
01/09/2026;19:42:22;🔄 TRANSFERÊNCIA BONIFICADA;🟢 ESFERA;-;Clube Esfera oferece até 60 mil pontos bônus na adesão ou upgrade;https://pontospravoar.com/clube-esfera-oferece-ate-60-mil-pontos-bonus-adesao-upgrade/
01/09/2026;20:35:08;🔄 TRANSFERÊNCIA BONIFICADA;🩷 LIVELO / ⚫ ÁTOMOS (Ou Todos);🟠 SMILES | 🏨 ALL ACCOR;Consulte o regulamento;Quando vale a pena transferir milhas Smiles para o ALL Accor?;https://pontospravoar.com/quando-vale-pena-transferir-milhas-smiles-all-accor/
02/09/2026;11:00:07;🔄 TRANSFERÊNCIA BONIFICADA;🩷 LIVELO / ⚫ ÁTOMOS (Ou Todos);🔵 AZUL FIDELIDADE;Até 260% de bônus;Assine o Clube Azul e receba até 260% de bônus em 3 meses;https://pontospravoar.com/assine-clube-azul-receba-ate-260-porcento-bonus-3-meses/
02/09/2026;14:49:39;🔄 TRANSFERÊNCIA BONIFICADA;🩷 LIVELO / ⚫ ÁTOMOS (Ou Todos);🟠 SMILES;Até 300% de bônus;Smiles oferece até 300% de bônus na compra de milhas para assinantes do Clube;https://passageirodeprimeira.com/smiles-oferece-ate-300-de-bonus-na-compra-de-milhas-para-assinantes-do-clube-5/
02/09/2026;14:49:39;🔄 TRANSFERÊNCIA BONIFICADA;🩷 LIVELO / ⚫ ÁTOMOS (Ou Todos);🟠 SMILES;Consulte o regulamento;Últimas horas! Assine o Clube Smiles e ganhe até 30 mil milhas bônus em novas assinaturas;https://pontospravoar.com/ultimas-horas-assine-clube-smiles-ganhe-ate-30-mil-milhas-bonus-novas-assinaturas/
02/09/2026;14:49:39;🔄 TRANSFERÊNCIA BONIFICADA;🩷 LIVELO / ⚫ ÁTOMOS (Ou Todos);🔴 LATAM PASS;Consulte o regulamento;LATAM Pass e Marriott Bonvoy oferecem 700 milhas bônus para novos membros;https://pontospravoar.com/latam-pass-e-marriott-bonvoy-oferecem-700-milhas-bonus-para-novos-membros/
03/09/2026;17:28:38;🔄 TRANSFERÊNCIA BONIFICADA;🩷 LIVELO / ⚫ ÁTOMOS (Ou Todos);🟠 SMILES;Consulte o regulamento;Clube Smiles em promoção: novas assinaturas recebem até 30 mil milhas bônus;https://pontospravoar.com/clube-smiles-promocao-novas-assinaturas-recebem-ate-30-mil-milhas-bonus/
03/09/2026;17:28:38;🔄 TRANSFERÊNCIA BONIFICADA;🩷 LIVELO / ⚫ ÁTOMOS (Ou Todos);🔵 AZUL FIDELIDADE;Até 60% de bônus;Até 60% de bônus ao transformar cashback do Méliuz em pontos Azul Fidelidade;https://pontospravoar.com/ate-60-porcento-bonus-transformar-cashback-meliuz-pontos-azul-fidelidade/
04/09/2026;19:00:26;🔄 TRANSFERÊNCIA BONIFICADA;🩷 LIVELO;Companhia Aérea / Parceiro;000 pontos por R$ 1;Promoção dos cartões Bradesco oferece até 60.000 pontos extras na Livelo – confira as regras!;https://www.melhorescartoes.com.br/promo-cartoes-bradesco-livelo-set26.html
04/09/2026;19:00:26;🛍️ COMPRA BONIFICADA (PONTOS POR REAL);🩷 LIVELO;Companhia Aérea / Parceiro;10 pontos por R$ 1;Livelo oferece até 10 pontos por real em lojas parceiras;https://pontospravoar.com/livelo-oferece-ate-10-pontos-real-lojas-parceiras/
06/09/2026;14:12:14;🔄 TRANSFERÊNCIA BONIFICADA;🩷 LIVELO / ⚫ ÁTOMOS (Ou Todos);🟠 SMILES;Consulte o regulamento;Segue valendo! Novas assinaturas recebem até 30 mil milhas bônus no Clube Smiles;https://pontospravoar.com/segue-valendo-novas-assinaturas-recebem-ate-30-mil-milhas-bonus-clube-smiles/
07/09/2026;09:51:36;🔄 TRANSFERÊNCIA BONIFICADA;🩷 LIVELO;Companhia Aérea / Parceiro;Consulte o regulamento;Livelo oferece até 25 mil pontos ou desconto na assinatura – clientes Elo ganham bônus extra;https://pontospravoar.com/livelo-oferece-ate-25-mil-pontos-desconto-assinatura-clientes-elo-ganham-bonus-extra/
07/09/2026;15:02:05;🔄 TRANSFERÊNCIA BONIFICADA;🩷 LIVELO / ⚫ ÁTOMOS (Ou Todos);Companhia Aérea / Parceiro;Consulte o regulamento;Cartões de crédito que oferecem pontos bônus de aquisição;https://passageirodeprimeira.com/cartoes-pontos-bonus-de-aquisicao/
07/09/2026;17:10:20;🎁 MILHAS FÁCEIS & BÔNUS GRATUITOS;🌐 PROGRAMAS / PARCEIROS;Ação Gratuita / Cadastro Disponível;Muito bom! Cartão de crédito Black com pontuação, salas VIP e 1 ano de anuidade grátis;https://www.melhorescartoes.com.br/cartao-black-anuidade-gratis-set26.html
07/09/2026;17:10:20;🔄 TRANSFERÊNCIA BONIFICADA;🟢 ESFERA;Ação Gratuita / Cadastro Disponível;Ganhe até 60 mil pontos bônus assinando ou fazendo upgrade no Clube Esfera;https://pontospravoar.com/ganhe-ate-60-mil-pontos-bonus-assinando-fazendo-upgrade-clube-esfera/
07/09/2026;17:59:20;🧩 CLUBE DE PONTOS & ASSINATURA ESTRATÉGICA;🟠 SMILES;Oportunidade Estratégica;Segue valendo! Smiles oferece até 37 mil milhas em 1 ano com a assinatura do Clube 2.000;https://passageirodeprimeira.com/segue-valendo-smiles-oferece-ate-37-mil-milhas-em-1-ano-com-a-assinatura-do-clube-2-000/
08/09/2026;09:30:52;🔄 TRANSFERÊNCIA BONIFICADA;🔵 AZUL FIDELIDADE | 🩷 LIVELO;Até 120% de bônus / Desconto;Ganhe até 120% de bônus nas transferências de pontos da Livelo para o Azul Fidelidade;https://passageirodeprimeira.com/ganhe-ate-120-de-bonus-nas-transferencias-de-pontos-da-livelo-para-o-azul-fidelidade-3/
08/09/2026;09:30:52;🔄 TRANSFERÊNCIA BONIFICADA;🌐 PROGRAMAS / PARCEIROS;Até 15% de bônus / Desconto;Qatar Airways oferece 15% de desconto e até 10.000 Avios bônus em voos saindo do Brasil;https://passageirodeprimeira.com/qatar-airways-oferece-15descontoate-10-000-avios-bonus-voos-saindo-brasil/
08/09/2026;13:59:12;🔄 TRANSFERÊNCIA BONIFICADA;🔵 AZUL FIDELIDADE | 🩷 LIVELO;Oportunidade Estratégica;Transfira pontos Livelo + dinheiro para a Azul – milheiro a partir de R$ 11,85;https://passageirodeprimeira.com/transfira-pontos-livelo-dinheiro-para-a-azul-milheiro-a-partir-de-r-1171/
08/09/2026;13:59:12;🎁 MILHAS FÁCEIS & BÔNUS GRATUITOS;🌐 PROGRAMAS / PARCEIROS;Oportunidade Estratégica;Mês do Cliente! Ganhe 3 Meses Grátis nos Alertas do PP;https://passageirodeprimeira.com/mes-do-cliente-ganhe-3-meses-gratis-nos-alertas-do-pp/
08/09/2026;13:59:12;🔄 TRANSFERÊNCIA BONIFICADA;🔵 AZUL FIDELIDADE | 🩷 LIVELO;Até 120% de bônus / Desconto;Azul Fidelidade e Livelo oferecem até 120% de bônus na transferência de pontos + 15% OFF no resgate de passagens;https://pontospravoar.com/azul-fidelidade-livelo-oferecem-ate-120-porcento-bonus-to-bonus-transferencia-pontos-mais-15-porcento-off-resgate-passagens/
08/09/2026;16:47:14;🔄 TRANSFERÊNCIA BONIFICADA;🏨 ALL ACCOR;Até 50% de bônus / Desconto;Converta pontos ALL Accor para o KrisFlyer com 50% de bônus;https://passageirodeprimeira.com/converta-pontos-all-accor-para-o-krisflyer-com-50-de-bonus-2/
08/09/2026;16:47:14;🛍️ COMPRA BONIFICADA (PONTOS POR REAL);🩷 LIVELO;11 pontos por R$ 1 / Adesão;Livelo oferece até 11 pontos por real em lojas parceiras;https://pontospravoar.com/livelo-oferece-ate-11-pontos-real-lojas-parceiras/
08/09/2026;19:16:40;🔄 TRANSFERÊNCIA BONIFICADA;🔴 LATAM PASS;Oportunidade Estratégica;Converta o cashback do PicPay em milhas no LATAM Pass;https://passageirodeprimeira.com/converta-o-cashback-do-picpay-em-milhas-no-latam-pass/
08/09/2026;19:16:40;🔄 TRANSFERÊNCIA BONIFICADA;🟢 ESFERA;Oportunidade Estratégica;Esfera oferece até 60 mil pontos bônus em 1 ano na assinatura ou upgrade do Clube;https://passageirodeprimeira.com/esfera-oferece-ate-60-mil-pontos-bonus-em-1-ano-na-assinatura-ou-upgrade-do-clube/
08/09/2026;21:24:27;🔄 TRANSFERÊNCIA BONIFICADA;🌐 PROGRAMAS / PARCEIROS;Oportunidade Estratégica;Radar PPV! Resumo das promoções de acúmulo e transferência de pontos do dia 8 de setembro de 2026;https://pontospravoar.com/radar-ppv-resumo-promocoes-acumulo-transferencia-pontos-dia-8-setembro-2026/
09/09/2026;06:24:47;🔄 TRANSFERÊNCIA BONIFICADA;🔴 LATAM PASS;Oportunidade Estratégica;Novidade! PicPay é o novo parceiro de transferência do Latam Pass;https://www.melhorescartoes.com.br/latam-pass-picpay-novo-parceiro-transferencia.html
09/09/2026;10:48:31;🛍️ COMPRA BONIFICADA (PONTOS POR REAL);🩷 LIVELO;15 pontos por R$ 1 / Adesão;Livelo 9.9! Ganhe até 15 pontos por real em mais de 60 parceiros;https://www.melhorescartoes.com.br/livelo-ofertas-9-9-set26.html
09/09/2026;10:48:31;🧩 CLUBE DE PONTOS & ASSINATURA ESTRATÉGICA;🩷 LIVELO;Oportunidade Estratégica;9.9! Assine ou faça upgrade do Clube Livelo Top e ganhe até 385 mil pontos;https://pontospravoar.com/9-9-assine-faca-upgrade-clube-livelo-top-ganhe-ate-385-mil-pontos/
09/09/2026;14:28:31;🧩 CLUBE DE PONTOS & ASSINATURA ESTRATÉGICA;🔵 AZUL FIDELIDADE;Até 199% de bônus / Desconto;Oferta relâmpago! Assine o Clube Azul e receba até 199% de pontos bônus em quatro meses – milheiro a partir de R$ 11,13;https://passageirodeprimeira.com/oferta-relampago-assine-o-clube-azul-e-receba-ate-199-de-pontos-bonus-em-quatro-meses-milheiro-a-partir-de-r-1113/
09/09/2026;14:28:31;🛍️ COMPRA BONIFICADA (PONTOS POR REAL);🩷 LIVELO;15 pontos por R$ 1 / Adesão;9/9 Livelo! Acumule até 15 pontos por real gasto na Seculus, Renner, Decolar e mais parceiros;https://passageirodeprimeira.com/9-9-livelo-acumule-ate-15-pontos-por-real-gasto-na-renner-decolar-e-mais-parceiros/
09/09/2026;14:28:31;🧩 CLUBE DE PONTOS & ASSINATURA ESTRATÉGICA;🩷 LIVELO;Oportunidade Estratégica;Só hoje! Assine o Clube Livelo Top e receba até 385 mil pontos;https://passageirodeprimeira.com/so-hoje-assine-o-clube-livelo-top-e-receba-ate-385-mil-pontos/
09/09/2026;14:28:31;🧩 CLUBE DE PONTOS & ASSINATURA ESTRATÉGICA;🔵 AZUL FIDELIDADE;Até 199% de bônus / Desconto;Oferta relâmpago! Assine o Clube Azul e ganhe 199% de bônus até o final do ano;https://pontospravoar.com/oferta-relampago-assine-clube-azul-ganhe-199-porcento-bonus-ate-final-ano/
09/09/2026;14:28:31;🛍️ COMPRA BONIFICADA (PONTOS POR REAL);🩷 LIVELO;15 pontos por R$ 1 / Adesão;Aproveite o 9.9! Livelo oferece até 15 pontos por real em lojas parceiras;https://pontospravoar.com/aproveite-9-9-livelo-oferece-ate-15-pontos-real-lojas-parceiras/
09/09/2026;16:57:49;🧩 CLUBE DE PONTOS & ASSINATURA ESTRATÉGICA;🩷 LIVELO;000 pontos por R$ 1 / Adesão;Ganhe 105.000 pontos extras em 12 meses ao realizar o upgrade para o Clube Livelo Top – milheiro a partir de R$ 23,68;https://passageirodeprimeira.com/ganhe-105-000-pontos-extras-em-12-meses-ao-realizar-o-upgrade-para-o-clube-livelo-top-milheiro-a-partir-de-r-2368/
09/09/2026;16:57:49;🔄 TRANSFERÊNCIA BONIFICADA;🌐 PROGRAMAS / PARCEIROS;000 pontos por R$ 1 / Adesão;Voltou! Abra sua conta na Revolut, ganhe 3.000 pontos bônus e faça câmbio sem IOF e sem spread;https://pontospravoar.com/voltou-abra-sua-conta-na-revolut-ganhe-3-000-pontos-bonus-e-faca-cambio-sem-iof-e-sem-spread/
09/09/2026;19:18:54;🧩 CLUBE DE PONTOS & ASSINATURA ESTRATÉGICA;🟠 SMILES;Oportunidade Estratégica;Segue valendo! Assine o Clube Smiles e receba até 30 mil milhas bônus;https://pontospravoar.com/segue-valendo-assine-clube-smiles-receba-ate-30-mil-milhas-bonus/
09/09/2026;21:23:33;🔄 TRANSFERÊNCIA BONIFICADA;🌐 PROGRAMAS / PARCEIROS;Oportunidade Estratégica;Radar PPV! Resumo das promoções de acúmulo e transferência de pontos do dia 9 de setembro de 2026;https://pontospravoar.com/radar-ppv-resumo-promocoes-acumulo-transferencia-pontos-dia-9-setembro-2026/
10/09/2026;10:59:56;🔄 TRANSFERÊNCIA BONIFICADA;🔴 LATAM PASS | ⚫ C6 ÁTOMOS;Até 25% de bônus / Desconto;LATAM Pass oferece 25% de bônus nas transferências de pontos do C6 Bank;https://passageirodeprimeira.com/latam-pass-oferece-25-de-bonus-nas-transferencias-de-pontos-do-c6-bank-3/
10/09/2026;10:59:56;🔄 TRANSFERÊNCIA BONIFICADA;🔵 AZUL FIDELIDADE | 🩷 LIVELO;Até 120% de bônus / Desconto;Acaba hoje! Azul Fidelidade e Livelo oferecem até 120% de bônus na transferência de pontos;https://pontospravoar.com/acaba-hoje-azul-fidelidade-livelo-oferecem-ate-120-porcento-bonus-transferencia-pontos/
10/09/2026;14:37:07;🛍️ COMPRA BONIFICADA (PONTOS POR REAL);🩷 LIVELO;11 pontos por R$ 1 / Adesão;Dia de 10×1 na Livelo! Ganhe até 11 pontos por real gasto diversos parceiros;https://passageirodeprimeira.com/dia-de-10x1-na-livelo-ganhe-ate-11-pontos-por-real-gasto-diversos-parceiros/
10/09/2026;14:37:07;🛍️ COMPRA BONIFICADA (PONTOS POR REAL);🩷 LIVELO;11 pontos por R$ 1 / Adesão;Aproveite! Livelo oferece até 11 pontos por real em lojas parceiras;https://pontospravoar.com/aproveite-livelo-oferece-ate-11-pontos-real-lojas-parceiras/
10/09/2026;14:37:07;🔄 TRANSFERÊNCIA BONIFICADA;🔴 LATAM PASS | ⚫ C6 ÁTOMOS;Até 25% de bônus / Desconto;LATAM Pass oferece 25% de bônus na transferência de pontos do C6 Bank;https://pontospravoar.com/latam-pass-oferece-25-porcento-bonus-transferencia-pontos-c6-bank/
10/09/2026;17:19:05;🎁 MILHAS FÁCEIS & BÔNUS GRATUITOS;🌐 PROGRAMAS / PARCEIROS;Oportunidade Estratégica;Cartões Caixa Visa e Elo com a primeira anuidade grátis – inclusive o Ícone!;https://www.melhorescartoes.com.br/promocao-caixa-cartoes-anuidade-gratis-set26.html
10/09/2026;17:19:05;🔄 TRANSFERÊNCIA BONIFICADA;🟢 ESFERA;Oportunidade Estratégica;Esfera encerra parceria para transferência de pontos para o programa da Etihad Airways;https://www.melhorescartoes.com.br/fim-parceria-esfera-etihad-airways.html
10/09/2026;17:19:05;🔄 TRANSFERÊNCIA BONIFICADA;🌐 PROGRAMAS / PARCEIROS;Até 90% de bônus / Desconto;Wyndham Rewards oferece até 90% de bônus na compra de pontos;https://passageirodeprimeira.com/wyndham-rewards-oferece-ate-90-de-bonus-na-compra-de-pontos-2/
10/09/2026;19:41:59;🎁 MILHAS FÁCEIS & BÔNUS GRATUITOS;🌐 PROGRAMAS / PARCEIROS;Oportunidade Estratégica;CAIXA lança promoção com 1ª anuidade grátis nos cartões Elo e Visa;https://pontospravoar.com/caixa-lanca-promocao-primeira-anuidade-gratis-cartoes-elo-visa/
10/09/2026;21:46:00;🔄 TRANSFERÊNCIA BONIFICADA;🌐 PROGRAMAS / PARCEIROS;Oportunidade Estratégica;Radar PPV! Resumo das promoções de acúmulo e transferência de pontos do dia 10 de setembro de 2026;https://pontospravoar.com/radar-ppv-resumo-promocoes-acumulo-transferencia-pontos-dia-10-setembro-2026/
